FileName,hasattr,getattr,callable,globals,locals,isinstance,issubclass,type,vars,super,setattr, delattr,del,eval,exec,execfile,__import__,reload
E:\Source code on python\Science & Engineering\numpy\numpy-1.6.2\numpy\distutils\command\__init__.py,0,0,0,1,1,0,0,0,0,0,0,0,0,0,0,0,1,0
E:\Source code on python\Science & Engineering\numpy\numpy-1.6.2\numpy\lib\tests\test_stride_tricks.py,0,0,0,0,0,0,0,0,0,0,0,0,0,0,0,0,0,0
E:\Source code on python\Science & Engineering\numpy\numpy-1.6.2\numpy\oldnumeric\array_printer.py,0,0,0,0,0,0,0,0,0,0,0,0,0,0,0,0,0,0
E:\Source code on python\Science & Engineering\numpy\numpy-1.6.2\numpy\numarray\alter_code1.py,0,0,0,0,0,0,0,0,0,0,0,0,0,0,0,0,0,0
E:\Source code on python\Science & Engineering\numpy\numpy-1.6.2\numpy\lib\tests\test_shape_base.py,0,0,0,0,0,0,0,0,0,0,0,0,0,0,0,0,0,0
E:\Source code on python\Science & Engineering\numpy\numpy-1.6.2\numpy\ma\setupscons.py,0,0,0,0,0,0,0,0,0,0,0,0,0,0,0,0,0,0
E:\Source code on python\Science & Engineering\numpy\numpy-1.6.2\numpy\lib\tests\test_arraysetops.py,0,0,0,0,0,0,0,0,0,0,0,0,0,0,0,0,0,0
E:\Source code on python\Science & Engineering\numpy\numpy-1.6.2\numpy\lib\tests\test_index_tricks.py,0,0,0,0,0,0,0,0,0,0,0,0,0,0,0,0,0,0
E:\Source code on python\Science & Engineering\numpy\numpy-1.6.2\numpy\fft\tests\test_fftpack.py,0,0,0,0,0,0,0,0,0,0,0,0,0,0,0,0,0,0
E:\Source code on python\Science & Engineering\numpy\numpy-1.6.2\numpy\numarray\setup.py,0,0,0,0,0,0,0,0,0,0,0,0,0,0,0,0,0,0
E:\Source code on python\Science & Engineering\numpy\numpy-1.6.2\numpy\oldnumeric\ufuncs.py,0,0,0,0,0,0,0,0,0,0,0,0,0,0,0,0,0,0
E:\Source code on python\Science & Engineering\numpy\numpy-1.6.2\numpy\linalg\tests\test_build.py,0,0,0,0,0,0,0,0,0,0,0,0,0,0,0,0,0,0
E:\Source code on python\Science & Engineering\numpy\numpy-1.6.2\numpy\doc\io.py,0,0,0,0,0,0,0,0,0,0,0,0,0,0,0,0,0,0
E:\Source code on python\Science & Engineering\numpy\numpy-1.6.2\numpy\doc\internals.py,0,0,0,0,0,0,0,0,0,0,0,0,0,0,0,0,0,0
E:\Source code on python\Science & Engineering\numpy\numpy-1.6.2\numpy\lib\tests\test_twodim_base.py,0,0,0,0,0,0,0,0,0,0,0,0,0,0,0,0,0,0
E:\Source code on python\Science & Engineering\numpy\numpy-1.6.2\numpy\f2py\common_rules.py,0,0,0,0,0,0,0,0,0,0,0,0,0,0,0,0,0,0
E:\Source code on python\Science & Engineering\numpy\numpy-1.6.2\numpy\doc\byteswapping.py,0,0,0,0,0,0,0,0,0,0,0,0,0,0,0,0,0,0
E:\Source code on python\Science & Engineering\numpy\numpy-1.6.2\numpy\doc\glossary.py,0,0,0,0,0,0,0,0,0,0,0,0,0,0,0,0,0,0
E:\Source code on python\Science & Engineering\numpy\numpy-1.6.2\numpy\doc\broadcasting.py,0,0,0,0,0,0,0,0,0,0,0,0,0,0,0,0,0,0
E:\Source code on python\Science & Engineering\numpy\numpy-1.6.2\numpy\distutils\setupscons.py,0,0,0,0,0,0,0,0,0,0,0,0,0,0,0,0,0,0
E:\Source code on python\Science & Engineering\numpy\numpy-1.6.2\numpy\distutils\tests\f2py_f90_ext\tests\test_foo.py,0,0,0,0,0,0,0,0,0,0,0,0,0,0,0,0,0,0
E:\Source code on python\Science & Engineering\numpy\numpy-1.6.2\numpy\distutils\tests\test_fcompiler_intel.py,0,0,0,0,0,0,0,0,0,0,0,0,0,0,0,0,0,0
E:\Source code on python\Science & Engineering\numpy\numpy-1.6.2\numpy\setup.py,0,0,0,0,0,0,0,0,0,0,0,0,0,0,0,0,0,0
E:\Source code on python\Science & Engineering\numpy\numpy-1.6.2\numpy\doc\constants.py,0,0,0,0,0,0,0,0,0,0,0,0,3,0,0,0,0,0
E:\Source code on python\Science & Engineering\numpy\numpy-1.6.2\numpy\doc\indexing.py,0,0,0,0,0,0,0,0,0,0,0,0,0,0,0,0,0,0
E:\Source code on python\Science & Engineering\numpy\numpy-1.6.2\numpy\distutils\tests\swig_ext\__init__.py,0,0,0,0,0,0,0,0,0,0,0,0,0,0,0,0,0,0
E:\Source code on python\Science & Engineering\numpy\numpy-1.6.2\numpy\polynomial\tests\test_printing.py,0,0,0,0,0,0,0,0,0,0,0,0,0,0,0,0,0,0
E:\Source code on python\Science & Engineering\numpy\numpy-1.6.2\numpy\polynomial\tests\test_hermite_e.py,0,0,0,0,0,0,0,0,0,0,0,0,0,0,0,0,0,0
E:\Source code on python\Science & Engineering\numpy\numpy-1.6.2\numpy\lib\tests\test_type_check.py,0,0,0,0,0,0,0,0,0,0,0,0,0,0,0,0,0,0
E:\Source code on python\Science & Engineering\numpy\numpy-1.6.2\numpy\fft\setup.py,0,0,0,0,0,0,0,0,0,0,0,0,0,0,0,0,0,0
E:\Source code on python\Science & Engineering\numpy\numpy-1.6.2\numpy\lib\arraysetops.py,0,0,0,0,0,0,0,0,0,0,0,0,0,0,0,0,0,0
E:\Source code on python\Science & Engineering\numpy\numpy-1.6.2\numpy\fft\tests\test_helper.py,0,0,0,0,0,0,0,0,0,0,0,0,0,0,0,0,0,0
E:\Source code on python\Science & Engineering\numpy\numpy-1.6.2\numpy\oldnumeric\fft.py,0,0,0,0,0,0,0,0,0,0,0,0,0,0,0,0,0,0
E:\Source code on python\Science & Engineering\numpy\numpy-1.6.2\numpy\testing\setup.py,0,0,0,0,0,0,0,0,0,0,0,0,0,0,0,0,0,0
E:\Source code on python\Science & Engineering\numpy\numpy-1.6.2\numpy\testing\tests\test_utils.py,0,0,0,0,0,0,0,0,0,0,0,0,0,0,0,0,0,0
E:\Source code on python\Science & Engineering\numpy\numpy-1.6.2\numpy\oldnumeric\alter_code2.py,0,0,0,0,0,0,0,0,0,0,0,0,0,0,0,0,0,0
E:\Source code on python\Science & Engineering\numpy\numpy-1.6.2\numpy\numarray\ufuncs.py,0,0,0,0,0,0,0,0,0,0,0,0,0,0,0,0,0,0
E:\Source code on python\Science & Engineering\numpy\numpy-1.6.2\numpy\numarray\nd_image.py,0,0,0,0,0,0,0,0,0,0,0,0,0,0,0,0,0,0
E:\Source code on python\Science & Engineering\numpy\numpy-1.6.2\numpy\random\tests\test_random.py,0,0,0,0,0,0,0,0,0,0,0,0,0,0,0,0,0,0
E:\Source code on python\Science & Engineering\numpy\numpy-1.6.2\numpy\oldnumeric\precision.py,0,0,0,0,0,0,0,0,0,0,0,0,0,0,0,0,0,0
E:\Source code on python\Science & Engineering\numpy\numpy-1.6.2\numpy\setupscons.py,0,0,0,0,0,0,0,0,0,0,0,0,0,0,0,0,0,0
E:\Source code on python\Science & Engineering\numpy\numpy-1.6.2\numpy\oldnumeric\mlab.py,0,0,0,0,0,0,0,0,0,0,0,0,6,0,0,0,0,0
E:\Source code on python\Science & Engineering\numpy\numpy-1.6.2\numpy\version.py,0,0,0,0,0,0,0,0,0,0,0,0,0,0,0,0,0,0
E:\Source code on python\Science & Engineering\numpy\numpy-1.6.2\numpy\oldnumeric\misc.py,0,0,0,0,0,0,0,0,0,0,0,0,0,0,0,0,0,0
E:\Source code on python\Science & Engineering\numpy\numpy-1.6.2\numpy\tests\test_ctypeslib.py,0,0,0,0,0,0,0,0,0,0,0,0,0,0,0,0,0,0
E:\Source code on python\Science & Engineering\numpy\numpy-1.6.2\numpy\lib\tests\test_function_base.py,0,0,0,0,0,0,0,0,0,0,0,0,0,0,0,0,0,0
E:\Source code on python\Science & Engineering\numpy\numpy-1.6.2\numpy\f2py\tests\test_kind.py,0,0,0,0,0,0,0,0,0,0,0,0,0,0,0,0,0,0
E:\Source code on python\Science & Engineering\numpy\numpy-1.6.2\numpy\linalg\info.py,0,0,0,0,0,0,0,0,0,0,0,0,0,0,0,0,0,0
E:\Source code on python\Science & Engineering\numpy\numpy-1.6.2\numpy\lib\setup.py,0,0,0,0,0,0,0,0,0,0,0,0,0,0,0,0,0,0
E:\Source code on python\Science & Engineering\numpy\numpy-1.6.2\numpy\numarray\__init__.py,0,0,0,0,0,0,0,0,0,0,0,0,4,0,0,0,0,0
E:\Source code on python\Science & Engineering\numpy\numpy-1.6.2\numpy\doc\howtofind.py,0,0,0,0,0,0,0,0,0,0,0,0,0,0,0,0,0,0
E:\Source code on python\Science & Engineering\numpy\numpy-1.6.2\numpy\linalg\setup.py,0,0,0,0,0,0,0,0,0,0,0,0,0,0,0,0,0,0
E:\Source code on python\Science & Engineering\numpy\numpy-1.6.2\numpy\distutils\tests\test_npy_pkg_config.py,0,0,0,0,0,0,0,0,0,0,0,0,0,0,0,0,0,0
E:\Source code on python\Science & Engineering\numpy\numpy-1.6.2\numpy\random\tests\test_regression.py,0,0,0,0,0,0,0,0,0,0,0,0,0,0,0,0,0,0
E:\Source code on python\Science & Engineering\numpy\numpy-1.6.2\numpy\oldnumeric\setupscons.py,0,0,0,0,0,0,0,0,0,0,0,0,0,0,0,0,0,0
E:\Source code on python\Science & Engineering\numpy\numpy-1.6.2\numpy\polynomial\tests\test_legendre.py,0,0,0,0,0,0,0,0,0,0,0,0,0,0,0,0,0,0
E:\Source code on python\Science & Engineering\numpy\numpy-1.6.2\numpy\doc\methods_vs_functions.py,0,0,0,0,0,0,0,0,0,0,0,0,0,0,0,0,0,0
E:\Source code on python\Science & Engineering\numpy\numpy-1.6.2\numpy\doc\jargon.py,0,0,0,0,0,0,0,0,0,0,0,0,0,0,0,0,0,0
E:\Source code on python\Science & Engineering\numpy\numpy-1.6.2\numpy\distutils\fcompiler\g95.py,0,0,0,0,0,0,0,0,0,0,0,0,0,0,0,0,0,0
E:\Source code on python\Science & Engineering\numpy\numpy-1.6.2\numpy\distutils\info.py,0,0,0,0,0,0,0,0,0,0,0,0,0,0,0,0,0,0
E:\Source code on python\Science & Engineering\numpy\numpy-1.6.2\numpy\distutils\fcompiler\pg.py,0,0,0,0,0,0,0,0,0,0,0,0,0,0,0,0,0,0
E:\Source code on python\Science & Engineering\numpy\numpy-1.6.2\numpy\distutils\from_template.py,0,0,0,0,0,0,0,0,0,0,0,0,0,0,0,0,0,0
E:\Source code on python\Science & Engineering\numpy\numpy-1.6.2\numpy\distutils\setup.py,0,0,0,0,0,0,0,0,0,0,0,0,0,0,0,0,0,0
E:\Source code on python\Science & Engineering\numpy\numpy-1.6.2\numpy\distutils\__init__.py,0,0,0,0,0,0,0,0,0,0,0,0,0,0,0,0,0,0
E:\Source code on python\Science & Engineering\numpy\numpy-1.6.2\numpy\doc\misc.py,0,0,0,0,0,0,0,0,0,0,0,0,0,0,0,0,0,0
E:\Source code on python\Science & Engineering\numpy\numpy-1.6.2\numpy\distutils\intelccompiler.py,0,0,0,0,0,0,0,0,0,0,0,0,0,0,0,0,0,0
E:\Source code on python\Science & Engineering\numpy\numpy-1.6.2\numpy\fft\info.py,0,0,0,0,0,0,0,0,0,0,0,0,0,0,0,0,0,0
E:\Source code on python\Science & Engineering\numpy\numpy-1.6.2\numpy\doc\basics.py,0,0,0,0,0,0,0,0,0,0,0,0,0,0,0,0,0,0
E:\Source code on python\Science & Engineering\numpy\numpy-1.6.2\numpy\distutils\fcompiler\nag.py,0,0,0,0,0,0,0,0,0,0,0,0,0,0,0,0,0,0
E:\Source code on python\Science & Engineering\numpy\numpy-1.6.2\numpy\distutils\fcompiler\sun.py,0,0,0,0,0,0,0,0,0,0,0,0,0,0,0,0,0,0
E:\Source code on python\Science & Engineering\numpy\numpy-1.6.2\numpy\distutils\fcompiler\absoft.py,0,0,0,0,0,0,0,0,0,0,0,0,0,0,0,0,0,0
E:\Source code on python\Science & Engineering\numpy\numpy-1.6.2\numpy\distutils\line_endings.py,0,0,0,0,0,0,0,0,0,0,0,0,0,0,0,0,0,0
E:\Source code on python\Science & Engineering\numpy\numpy-1.6.2\numpy\distutils\tests\gen_ext\setup.py,0,0,0,0,0,0,0,0,0,0,0,0,0,0,0,0,0,0
E:\Source code on python\Science & Engineering\numpy\numpy-1.6.2\numpy\f2py\__init__.py,0,0,0,0,0,0,0,0,0,0,0,0,0,0,0,0,0,0
E:\Source code on python\Science & Engineering\numpy\numpy-1.6.2\numpy\dual.py,0,0,0,0,0,0,0,0,0,0,0,0,0,0,0,0,0,0
E:\Source code on python\Science & Engineering\numpy\numpy-1.6.2\numpy\distutils\tests\f2py_ext\setup.py,0,0,0,0,0,0,0,0,0,0,0,0,0,0,0,0,0,0
E:\Source code on python\Science & Engineering\numpy\numpy-1.6.2\numpy\polynomial\polyutils.py,0,0,0,0,0,0,0,0,0,0,0,0,0,0,0,0,0,0
E:\Source code on python\Science & Engineering\numpy\numpy-1.6.2\numpy\core\code_generators\generate_ufunc_api.py,0,0,0,0,0,0,0,0,0,0,0,0,0,0,0,0,0,0
E:\Source code on python\Science & Engineering\numpy\numpy-1.6.2\numpy\core\tests\test_memmap.py,0,0,0,0,0,0,0,0,0,0,0,0,6,0,0,0,0,0
E:\Source code on python\Science & Engineering\numpy\numpy-1.6.2\numpy\distutils\compat.py,0,0,0,0,0,0,0,0,0,0,0,0,0,0,0,0,0,0
E:\Source code on python\Science & Engineering\numpy\numpy-1.6.2\numpy\core\tests\test_ufunc.py,0,0,0,0,0,0,0,0,0,0,0,0,0,0,0,0,0,0
E:\Source code on python\Science & Engineering\numpy\numpy-1.6.2\numpy\polynomial\polytemplate.py,0,0,0,0,0,0,0,0,0,0,0,0,0,0,0,0,0,0
E:\Source code on python\Science & Engineering\numpy\numpy-1.6.2\numpy\distutils\tests\test_fcompiler_gnu.py,0,0,0,0,0,0,0,0,0,0,0,0,0,0,0,0,0,0
E:\Source code on python\Science & Engineering\numpy\numpy-1.6.2\numpy\distutils\tests\swig_ext\setup.py,0,0,0,0,0,0,0,0,0,0,0,0,0,0,0,0,0,0
E:\Source code on python\Science & Engineering\numpy\numpy-1.6.2\numpy\distutils\tests\test_misc_util.py,0,0,0,0,0,0,0,0,0,0,0,0,0,0,0,0,0,0
E:\Source code on python\Science & Engineering\numpy\numpy-1.6.2\numpy\distutils\numpy_distribution.py,0,0,0,0,0,0,0,0,0,0,0,0,0,0,0,0,0,0
E:\Source code on python\Science & Engineering\numpy\numpy-1.6.2\numpy\lib\tests\test_regression.py,0,0,0,0,0,5,0,0,0,0,0,0,0,0,0,0,0,0
E:\Source code on python\Science & Engineering\numpy\numpy-1.6.2\numpy\ma\tests\test_extras.py,0,0,0,0,0,7,0,0,0,0,0,0,0,0,0,0,0,0
E:\Source code on python\Science & Engineering\numpy\numpy-1.6.2\numpy\distutils\extension.py,0,0,0,0,0,1,0,0,0,0,0,0,0,0,0,0,0,0
E:\Source code on python\Science & Engineering\numpy\numpy-1.6.2\numpy\polynomial\laguerre.py,0,0,0,0,0,2,0,0,0,0,0,0,0,0,0,0,0,0
E:\Source code on python\Science & Engineering\numpy\numpy-1.6.2\doc\sphinxext\plot_directive.py,0,0,0,0,0,1,0,0,0,0,0,0,0,0,0,0,0,0
E:\Source code on python\Science & Engineering\numpy\numpy-1.6.2\numpy\lib\tests\test_io.py,0,0,0,0,0,4,0,0,0,0,0,0,0,0,0,0,0,0
E:\Source code on python\Science & Engineering\numpy\numpy-1.6.2\numpy\polynomial\legendre.py,0,0,0,0,0,2,0,0,0,0,0,0,0,0,0,0,0,0
E:\Source code on python\Science & Engineering\numpy\numpy-1.6.2\numpy\matrixlib\tests\test_multiarray.py,0,0,0,0,0,2,0,0,0,0,0,0,0,0,0,0,0,0
E:\Source code on python\Science & Engineering\numpy\numpy-1.6.2\numpy\oldnumeric\random_array.py,0,0,0,0,0,3,0,0,0,0,0,0,0,0,0,0,0,0
E:\Source code on python\Science & Engineering\numpy\numpy-1.6.2\numpy\polynomial\chebyshev.py,0,0,0,0,0,2,0,0,0,0,0,0,0,0,0,0,0,0
E:\Source code on python\Science & Engineering\numpy\numpy-1.6.2\numpy\testing\print_coercion_tables.py,0,0,0,0,0,1,0,0,0,0,0,0,0,0,0,0,0,0
E:\Source code on python\Science & Engineering\numpy\numpy-1.6.2\numpy\tests\test_matlib.py,0,0,0,0,0,1,0,0,0,0,0,0,0,0,0,0,0,0
E:\Source code on python\Science & Engineering\numpy\numpy-1.6.2\numpy\fft\helper.py,0,0,0,0,0,4,0,0,0,0,0,0,0,0,0,0,0,0
E:\Source code on python\Science & Engineering\numpy\numpy-1.6.2\numpy\lib\format.py,0,0,0,0,0,5,0,0,0,0,0,0,0,0,0,0,0,0
E:\Source code on python\Science & Engineering\numpy\numpy-1.6.2\doc\swig\test\testArray.py,0,0,0,0,0,8,0,0,0,0,0,0,0,0,0,0,0,0
E:\Source code on python\Science & Engineering\numpy\numpy-1.6.2\numpy\core\tests\test_unicode.py,0,0,0,0,0,2,0,0,0,0,0,0,0,0,0,0,0,0
E:\Source code on python\Science & Engineering\numpy\numpy-1.6.2\numpy\core\tests\test_numerictypes.py,0,0,0,0,0,2,0,0,0,0,0,0,0,0,0,0,0,0
E:\Source code on python\Science & Engineering\numpy\numpy-1.6.2\numpy\polynomial\hermite_e.py,0,0,0,0,0,2,0,0,0,0,0,0,0,0,0,0,0,0
E:\Source code on python\Science & Engineering\numpy\numpy-1.6.2\numpy\lib\tests\test_ufunclike.py,0,0,0,0,0,1,0,0,0,0,0,0,0,0,0,0,0,0
E:\Source code on python\Science & Engineering\numpy\numpy-1.6.2\numpy\core\arrayprint.py,0,0,0,0,0,4,9,0,0,0,0,0,0,0,0,0,0,0
E:\Source code on python\Science & Engineering\numpy\numpy-1.6.2\numpy\lib\polynomial.py,0,0,0,0,0,12,2,0,0,0,0,0,0,0,0,0,0,0
E:\Source code on python\Science & Engineering\numpy\numpy-1.6.2\numpy\polynomial\tests\test_polyutils.py,0,0,0,0,0,1,0,0,0,0,0,0,0,0,0,0,0,0
E:\Source code on python\Science & Engineering\numpy\numpy-1.6.2\numpy\ma\testutils.py,0,0,0,0,0,14,0,0,0,0,0,0,0,0,0,0,0,0
E:\Source code on python\Science & Engineering\numpy\numpy-1.6.2\numpy\lib\tests\test_recfunctions.py,0,0,0,0,0,1,0,0,0,0,0,0,0,0,0,0,0,0
E:\Source code on python\Science & Engineering\numpy\numpy-1.6.2\numpy\polynomial\polynomial.py,0,0,0,0,0,2,0,0,0,0,0,0,0,0,0,0,0,0
E:\Source code on python\Science & Engineering\numpy\numpy-1.6.2\numpy\polynomial\hermite.py,0,0,0,0,0,2,0,0,0,0,0,0,0,0,0,0,0,0
E:\Source code on python\Science & Engineering\numpy\numpy-1.6.2\numpy\distutils\fcompiler\lahey.py,0,0,0,0,0,0,0,0,0,0,0,0,0,0,0,0,0,0
E:\Source code on python\Science & Engineering\numpy\numpy-1.6.2\numpy\distutils\command\develop.py,0,0,0,0,0,0,0,0,0,0,0,0,0,0,0,0,0,0
E:\Source code on python\Science & Engineering\numpy\numpy-1.6.2\numpy\core\defchararray.py,0,0,0,0,0,11,9,0,0,0,0,0,0,0,0,0,0,0
E:\Source code on python\Science & Engineering\numpy\numpy-1.6.2\doc\swig\test\testFarray.py,0,0,0,0,0,2,0,0,0,0,0,0,0,0,0,0,0,0
E:\Source code on python\Science & Engineering\numpy\numpy-1.6.2\numpy\matlib.py,0,0,0,0,0,2,0,0,0,0,0,0,0,0,0,0,0,0
E:\Source code on python\Science & Engineering\numpy\numpy-1.6.2\numpy\f2py\rules.py,0,0,0,0,0,2,0,0,0,0,0,0,1,0,0,0,0,0
E:\Source code on python\Science & Engineering\numpy\numpy-1.6.2\numpy\distutils\environment.py,0,0,0,0,0,1,0,0,0,0,0,0,0,0,0,0,0,0
E:\Source code on python\Science & Engineering\numpy\numpy-1.6.2\numpy\distutils\command\install_data.py,0,0,0,0,0,0,0,0,0,0,0,0,0,0,0,0,0,0
E:\Source code on python\Science & Engineering\numpy\numpy-1.6.2\numpy\f2py\__version__.py,0,0,0,0,0,0,0,0,0,0,0,0,0,0,0,0,0,0
E:\Source code on python\Science & Engineering\numpy\numpy-1.6.2\numpy\f2py\setup.py,0,0,0,0,0,0,0,0,0,0,0,0,0,0,0,0,0,0
E:\Source code on python\Science & Engineering\numpy\numpy-1.6.2\numpy\ma\tests\test_regression.py,0,0,0,0,0,0,0,0,0,0,0,0,0,0,0,0,0,0
E:\Source code on python\Science & Engineering\numpy\numpy-1.6.2\numpy\f2py\docs\pytest.py,0,0,0,0,0,0,0,0,0,0,0,0,0,0,0,0,0,0
E:\Source code on python\Science & Engineering\numpy\numpy-1.6.2\numpy\distutils\log.py,0,0,0,0,0,0,0,0,0,0,0,0,0,0,0,0,0,0
E:\Source code on python\Science & Engineering\numpy\numpy-1.6.2\numpy\linalg\tests\test_linalg.py,0,0,0,0,0,16,0,0,0,0,0,0,0,0,0,0,0,0
E:\Source code on python\Science & Engineering\numpy\numpy-1.6.2\numpy\distutils\mingw32ccompiler.py,1,0,0,0,0,0,0,0,0,0,0,0,0,0,0,0,0,0
E:\Source code on python\Science & Engineering\numpy\numpy-1.6.2\numpy\lib\tests\test__iotools.py,1,0,0,0,0,0,0,0,0,0,0,0,0,0,0,0,0,0
E:\Source code on python\Science & Engineering\numpy\numpy-1.6.2\numpy\ctypeslib.py,1,0,0,0,0,4,0,0,0,0,0,0,1,0,0,0,0,0
E:\Source code on python\Science & Engineering\numpy\numpy-1.6.2\numpy\core\tests\test_half.py,0,0,0,0,0,0,0,0,0,0,0,0,0,0,0,0,0,0
E:\Source code on python\Science & Engineering\numpy\numpy-1.6.2\numpy\distutils\command\config.py,1,0,0,0,0,1,0,0,0,0,0,0,0,0,0,0,0,0
E:\Source code on python\Science & Engineering\numpy\numpy-1.6.2\numpy\distutils\command\egg_info.py,0,0,0,0,0,0,0,0,0,0,0,0,0,0,0,0,0,0
E:\Source code on python\Science & Engineering\numpy\numpy-1.6.2\numpy\distutils\command\scons.py,1,0,0,0,0,1,0,0,0,0,0,0,0,0,0,0,0,0
E:\Source code on python\Science & Engineering\numpy\numpy-1.6.2\numpy\core\tests\test_dtype.py,0,0,0,0,0,0,0,0,0,0,0,0,0,0,0,0,0,0
E:\Source code on python\Science & Engineering\numpy\numpy-1.6.2\numpy\testing\utils.py,1,0,0,0,1,14,0,0,0,0,2,0,0,0,0,0,0,0
E:\Source code on python\Science & Engineering\numpy\numpy-1.6.2\numpy\core\tests\test_iterator.py,0,0,0,0,0,0,0,0,0,0,0,0,0,0,0,0,0,0
E:\Source code on python\Science & Engineering\numpy\numpy-1.6.2\numpy\lib\npyio.py,3,0,0,0,0,20,7,0,0,0,0,0,1,0,0,0,0,0
E:\Source code on python\Science & Engineering\numpy\numpy-1.6.2\numpy\lib\recfunctions.py,1,0,0,0,0,12,0,0,0,0,0,0,0,0,0,0,0,0
E:\Source code on python\Science & Engineering\numpy\numpy-1.6.2\numpy\core\shape_base.py,0,0,0,0,0,0,0,0,0,0,0,0,0,0,0,0,0,0
E:\Source code on python\Science & Engineering\numpy\numpy-1.6.2\numpy\core\code_generators\generate_numpy_api.py,0,0,0,0,0,0,0,0,0,0,0,0,0,0,0,0,0,0
E:\Source code on python\Science & Engineering\numpy\numpy-1.6.2\numpy\compat\py3k.py,2,0,0,0,0,7,0,0,0,0,0,0,0,0,0,0,0,0
E:\Source code on python\Science & Engineering\numpy\numpy-1.6.2\numpy\oldnumeric\functions.py,0,0,0,0,0,0,0,0,0,0,0,0,0,0,0,0,0,0
E:\Source code on python\Science & Engineering\numpy\numpy-1.6.2\numpy\core\memmap.py,3,0,0,0,0,2,0,0,0,0,0,0,0,0,0,0,0,0
E:\Source code on python\Science & Engineering\numpy\numpy-1.6.2\numpy\core\code_generators\cversions.py,0,0,0,0,0,0,0,0,0,0,0,0,0,0,0,0,0,0
E:\Source code on python\Science & Engineering\numpy\numpy-1.6.2\numpy\distutils\exec_command.py,1,0,0,0,0,0,0,0,0,0,0,0,0,0,0,0,0,0
E:\Source code on python\Science & Engineering\numpy\numpy-1.6.2\numpy\lib\_iotools.py,7,0,0,0,0,8,2,0,0,0,0,0,0,0,0,0,0,0
E:\Source code on python\Science & Engineering\numpy\numpy-1.6.2\numpy\distutils\misc_util.py,5,9,0,0,0,14,0,0,0,0,4,0,7,4,0,0,1,0
E:\Source code on python\Science & Engineering\numpy\numpy-1.6.2\numpy\lib\utils.py,11,6,0,1,1,10,0,0,0,0,0,0,0,0,0,0,3,0
E:\Source code on python\Science & Engineering\numpy\numpy-1.6.2\numpy\matrixlib\tests\test_defmatrix.py,0,1,1,0,0,3,0,0,0,0,0,0,0,0,0,0,0,0
E:\Source code on python\Science & Engineering\numpy\numpy-1.6.2\numpy\distutils\ccompiler.py,4,4,0,0,0,2,0,0,1,0,2,0,0,0,0,0,2,0
E:\Source code on python\Science & Engineering\numpy\numpy-1.6.2\numpy\f2py\tests\util.py,0,0,0,0,0,1,0,0,0,0,0,0,0,0,0,0,2,0
E:\Source code on python\Science & Engineering\numpy\numpy-1.6.2\numpy\distutils\core.py,1,0,0,0,0,3,0,0,0,0,0,0,0,0,0,0,0,0
E:\Source code on python\Science & Engineering\numpy\numpy-1.6.2\numpy\testing\numpytest.py,0,0,0,0,0,1,0,0,0,0,0,0,0,0,0,0,1,0
E:\Source code on python\Science & Engineering\numpy\numpy-1.6.2\numpy\core\setup_common.py,0,0,0,0,0,0,0,0,0,0,0,0,1,0,0,0,2,0
E:\Source code on python\Science & Engineering\numpy\numpy-1.6.2\numpy\doc\__init__.py,0,0,0,0,0,0,0,0,0,0,0,0,1,0,0,0,1,0
E:\Source code on python\Science & Engineering\numpy\numpy-1.6.2\numpy\lib\type_check.py,0,0,0,0,0,0,8,0,0,0,0,0,0,0,0,0,0,0
E:\Source code on python\Science & Engineering\numpy\numpy-1.6.2\numpy\distutils\system_info.py,1,3,0,1,0,1,1,0,0,0,0,0,1,0,0,0,2,0
E:\Source code on python\Science & Engineering\numpy\numpy-1.6.2\numpy\testing\noseclasses.py,1,3,0,0,0,4,0,0,0,0,0,0,0,0,0,0,1,0
E:\Source code on python\Science & Engineering\numpy\numpy-1.6.2\numpy\core\setup.py,1,0,0,0,0,2,0,0,0,0,0,0,1,0,0,0,1,0
E:\Source code on python\Science & Engineering\numpy\numpy-1.6.2\numpy\distutils\fcompiler\__init__.py,2,9,0,0,0,0,0,0,0,0,0,0,0,0,0,0,1,0
E:\Source code on python\Science & Engineering\numpy\numpy-1.6.2\numpy\numarray\numerictypes.py,0,0,0,2,0,7,0,0,0,0,0,0,1,1,0,0,0,0
E:\Source code on python\Science & Engineering\numpy\numpy-1.6.2\numpy\core\numeric.py,1,1,2,0,0,3,3,0,0,0,0,0,1,0,0,0,0,0
E:\Source code on python\Science & Engineering\numpy\numpy-1.6.2\numpy\f2py\auxfuncs.py,0,0,0,0,0,0,0,0,0,0,0,0,0,3,0,0,0,0
E:\Source code on python\Science & Engineering\numpy\numpy-1.6.2\numpy\lib\function_base.py,1,2,2,0,0,16,2,3,0,0,0,0,0,0,0,0,0,0
E:\Source code on python\Science & Engineering\numpy\numpy-1.6.2\doc\sphinxext\traitsdoc.py,0,0,1,0,0,0,0,0,0,0,0,0,0,0,0,0,0,0
E:\Source code on python\Science & Engineering\numpy\numpy-1.6.2\doc\sphinxext\docscrape.py,0,2,1,0,0,1,0,0,0,0,0,0,1,0,0,0,0,0
E:\Source code on python\Science & Engineering\numpy\numpy-1.6.2\numpy\core\tests\test_records.py,0,0,1,0,0,1,0,0,0,0,0,0,0,1,0,0,0,0
E:\Source code on python\Science & Engineering\numpy\numpy-1.6.2\numpy\testing\decorators.py,0,0,3,0,0,0,0,0,0,0,0,0,0,0,0,0,0,0
E:\Source code on python\Science & Engineering\numpy\numpy-1.6.2\doc\sphinxext\numpydoc.py,5,0,1,0,0,0,0,0,0,0,0,0,0,0,0,0,0,0
E:\Source code on python\Science & Engineering\numpy\numpy-1.6.2\numpy\core\numerictypes.py,0,0,0,1,0,11,6,0,0,0,0,0,4,0,0,0,0,0
E:\Source code on python\Science & Engineering\numpy\numpy-1.6.2\numpy\ma\tests\test_old_ma.py,0,3,0,0,0,7,0,0,0,0,0,0,0,0,0,0,0,0
E:\Source code on python\Science & Engineering\numpy\numpy-1.6.2\setupsconsegg.py,0,0,0,0,0,0,0,0,0,0,0,0,0,0,0,1,0,0
E:\Source code on python\Science & Engineering\numpy\numpy-1.6.2\numpy\f2py\tests\test_return_integer.py,0,2,0,0,0,0,0,0,0,0,0,0,0,0,0,0,0,0
E:\Source code on python\Science & Engineering\numpy\numpy-1.6.2\numpy\linalg\tests\test_regression.py,0,0,0,0,0,0,0,0,0,0,0,0,0,0,0,0,0,0
E:\Source code on python\Science & Engineering\numpy\numpy-1.6.2\numpy\fft\fftpack.py,0,0,0,0,0,0,0,0,0,0,0,0,0,0,0,0,0,0
E:\Source code on python\Science & Engineering\numpy\numpy-1.6.2\numpy\lib\_datasource.py,0,0,0,0,0,0,0,0,0,0,0,0,1,0,0,0,0,0
E:\Source code on python\Science & Engineering\numpy\numpy-1.6.2\numpy\lib\tests\test__datasource.py,0,0,0,0,0,0,0,0,0,0,0,0,5,0,0,0,0,0
E:\Source code on python\Science & Engineering\numpy\numpy-1.6.2\numpy\lib\stride_tricks.py,0,0,0,0,0,0,0,0,0,0,0,0,0,0,0,0,0,0
E:\Source code on python\Science & Engineering\numpy\numpy-1.6.2\numpy\numarray\linear_algebra.py,0,0,0,0,0,0,0,0,0,0,0,0,0,0,0,0,0,0
E:\Source code on python\Science & Engineering\numpy\numpy-1.6.2\numpy\lib\tests\test_polynomial.py,0,0,0,0,0,0,0,0,0,0,0,0,0,0,0,0,0,0
E:\Source code on python\Science & Engineering\numpy\numpy-1.6.2\numpy\matrixlib\setupscons.py,0,0,0,0,0,0,0,0,0,0,0,0,0,0,0,0,0,0
E:\Source code on python\Science & Engineering\numpy\numpy-1.6.2\numpy\testing\__init__.py,0,0,0,0,0,0,0,0,0,0,0,0,0,0,0,0,0,0
E:\Source code on python\Science & Engineering\numpy\numpy-1.6.2\numpy\linalg\__init__.py,0,0,0,0,0,0,0,0,0,0,0,0,0,0,0,0,0,0
E:\Source code on python\Science & Engineering\numpy\numpy-1.6.2\numpy\matrixlib\tests\test_regression.py,0,0,0,0,0,0,0,0,0,0,0,0,0,0,0,0,0,0
E:\Source code on python\Science & Engineering\numpy\numpy-1.6.2\numpy\lib\tests\test_format.py,0,0,0,0,0,0,0,0,0,0,0,0,2,0,0,0,0,0
E:\Source code on python\Science & Engineering\numpy\numpy-1.6.2\numpy\lib\financial.py,0,0,0,0,0,0,0,0,0,0,0,0,0,0,0,0,0,0
E:\Source code on python\Science & Engineering\numpy\numpy-1.6.2\numpy\ma\setup.py,0,0,0,0,0,0,0,0,0,0,0,0,0,0,0,0,0,0
E:\Source code on python\Science & Engineering\numpy\numpy-1.6.2\numpy\numarray\random_array.py,0,0,0,0,0,0,0,0,0,0,0,0,0,0,0,0,0,0
E:\Source code on python\Science & Engineering\numpy\numpy-1.6.2\numpy\numarray\mlab.py,0,0,0,0,0,0,0,0,0,0,0,0,1,0,0,0,0,0
E:\Source code on python\Science & Engineering\numpy\numpy-1.6.2\numpy\oldnumeric\tests\test_regression.py,0,0,0,0,0,0,0,0,0,0,0,0,0,0,0,0,0,0
E:\Source code on python\Science & Engineering\numpy\numpy-1.6.2\numpy\numarray\ma.py,0,0,0,0,0,0,0,0,0,0,0,0,0,0,0,0,0,0
E:\Source code on python\Science & Engineering\numpy\numpy-1.6.2\numpy\random\setupscons.py,0,0,0,0,0,0,0,0,0,0,0,0,0,0,0,0,0,0
E:\Source code on python\Science & Engineering\numpy\numpy-1.6.2\numpy\random\setup.py,0,0,0,0,0,0,0,0,0,0,0,0,0,0,0,0,0,0
E:\Source code on python\Science & Engineering\numpy\numpy-1.6.2\numpy\polynomial\tests\test_hermite.py,0,0,0,0,0,0,0,0,0,0,0,0,0,0,0,0,0,0
E:\Source code on python\Science & Engineering\numpy\numpy-1.6.2\numpy\lib\ufunclike.py,0,0,0,0,0,0,0,0,0,0,0,0,0,0,0,0,0,0
E:\Source code on python\Science & Engineering\numpy\numpy-1.6.2\numpy\lib\twodim_base.py,0,0,0,0,0,0,0,0,0,0,0,0,0,0,0,0,0,0
E:\Source code on python\Science & Engineering\numpy\numpy-1.6.2\numpy\lib\setupscons.py,0,0,0,0,0,0,0,0,0,0,0,0,0,0,0,0,0,0
E:\Source code on python\Science & Engineering\numpy\numpy-1.6.2\numpy\distutils\tests\gen_ext\__init__.py,0,0,0,0,0,0,0,0,0,0,0,0,0,0,0,0,0,0
E:\Source code on python\Science & Engineering\numpy\numpy-1.6.2\numpy\distutils\tests\f2py_ext\__init__.py,0,0,0,0,0,0,0,0,0,0,0,0,0,0,0,0,0,0
E:\Source code on python\Science & Engineering\numpy\numpy-1.6.2\numpy\distutils\tests\f2py_f90_ext\__init__.py,0,0,0,0,0,0,0,0,0,0,0,0,0,0,0,0,0,0
E:\Source code on python\Science & Engineering\numpy\numpy-1.6.2\numpy\distutils\tests\gen_ext\tests\test_fib3.py,0,0,0,0,0,0,0,0,0,0,0,0,0,0,0,0,0,0
E:\Source code on python\Science & Engineering\numpy\numpy-1.6.2\numpy\f2py\func2subr.py,0,0,0,0,0,0,0,0,0,0,0,0,0,0,0,0,0,0
E:\Source code on python\Science & Engineering\numpy\numpy-1.6.2\numpy\distutils\pathccompiler.py,0,0,0,0,0,0,0,0,0,0,0,0,0,0,0,0,0,0
E:\Source code on python\Science & Engineering\numpy\numpy-1.6.2\numpy\distutils\unixccompiler.py,0,0,0,0,0,0,0,0,0,0,0,0,0,0,0,0,0,0
E:\Source code on python\Science & Engineering\numpy\numpy-1.6.2\numpy\linalg\setupscons.py,0,0,0,0,0,0,0,0,0,0,0,0,0,0,0,0,0,0
E:\Source code on python\Science & Engineering\numpy\numpy-1.6.2\numpy\lib\tests\test_arrayterator.py,0,0,0,0,0,0,0,0,0,0,0,0,0,0,0,0,0,0
E:\Source code on python\Science & Engineering\numpy\numpy-1.6.2\numpy\fft\setupscons.py,0,0,0,0,0,0,0,0,0,0,0,0,0,0,0,0,0,0
E:\Source code on python\Science & Engineering\numpy\numpy-1.6.2\numpy\lib\__init__.py,0,0,0,0,0,0,0,0,0,0,0,0,0,0,0,0,0,0
E:\Source code on python\Science & Engineering\numpy\numpy-1.6.2\numpy\lib\info.py,0,0,0,0,0,0,0,0,0,0,0,0,0,0,0,0,0,0
E:\Source code on python\Science & Engineering\numpy\numpy-1.6.2\numpy\distutils\fcompiler\compaq.py,0,0,0,0,0,0,0,0,0,0,0,0,0,0,0,0,0,0
E:\Source code on python\Science & Engineering\numpy\numpy-1.6.2\numpy\distutils\npy_pkg_config.py,0,0,0,0,0,0,0,0,0,0,0,0,0,0,0,0,0,0
E:\Source code on python\Science & Engineering\numpy\numpy-1.6.2\numpy\distutils\fcompiler\gnu.py,0,0,0,0,0,0,0,0,0,0,0,0,0,0,0,0,0,0
E:\Source code on python\Science & Engineering\numpy\numpy-1.6.2\numpy\polynomial\tests\test_chebyshev.py,0,0,0,0,0,0,0,0,0,0,0,0,0,0,0,0,0,0
E:\Source code on python\Science & Engineering\numpy\numpy-1.6.2\numpy\polynomial\setup.py,0,0,0,0,0,0,0,0,0,0,0,0,0,0,0,0,0,0
E:\Source code on python\Science & Engineering\numpy\numpy-1.6.2\numpy\numarray\compat.py,0,0,0,0,0,0,0,0,0,0,0,0,0,0,0,0,0,0
E:\Source code on python\Science & Engineering\numpy\numpy-1.6.2\doc\swig\test\testVector.py,0,0,0,0,0,0,0,0,0,0,0,0,0,0,0,0,0,0
E:\Source code on python\Science & Engineering\numpy\numpy-1.6.2\numpy\distutils\__version__.py,0,0,0,0,1,0,0,0,0,0,0,0,0,0,0,0,0,0
E:\Source code on python\Science & Engineering\numpy\numpy-1.6.2\numpy\numarray\functions.py,0,2,0,0,0,9,1,0,0,0,0,0,0,0,0,0,0,0
E:\Source code on python\Science & Engineering\numpy\numpy-1.6.2\numpy\ma\core.py,13,55,0,0,0,67,4,0,0,0,0,0,1,0,0,0,0,0
E:\Source code on python\Science & Engineering\numpy\numpy-1.6.2\numpy\f2py\tests\test_array_from_pyobj.py,0,4,0,0,0,6,0,0,0,0,0,0,0,0,0,0,0,0
E:\Source code on python\Science & Engineering\numpy\numpy-1.6.2\doc\sphinxext\compiler_unparse.py,0,1,0,0,0,4,0,0,0,0,0,0,0,0,0,0,0,0
E:\Source code on python\Science & Engineering\numpy\numpy-1.6.2\numpy\core\records.py,0,3,0,0,0,15,4,0,0,0,0,0,0,0,0,0,0,0
E:\Source code on python\Science & Engineering\numpy\numpy-1.6.2\numpy\f2py\tests\test_return_character.py,0,2,0,0,0,0,0,0,0,0,0,0,0,0,0,0,0,0
E:\Source code on python\Science & Engineering\numpy\numpy-1.6.2\numpy\distutils\command\config_compiler.py,0,4,0,0,0,2,0,0,0,0,2,0,0,0,0,0,0,0
E:\Source code on python\Science & Engineering\numpy\numpy-1.6.2\numpy\distutils\fcompiler\mips.py,0,1,0,0,0,0,0,0,0,0,0,0,0,0,0,0,0,0
E:\Source code on python\Science & Engineering\numpy\numpy-1.6.2\numpy\lib\scimath.py,0,0,0,0,0,0,1,0,0,0,0,0,0,0,0,0,0,0
E:\Source code on python\Science & Engineering\numpy\numpy-1.6.2\numpy\f2py\diagnose.py,0,1,0,0,0,0,0,0,0,0,0,0,0,0,0,0,0,0
E:\Source code on python\Science & Engineering\numpy\numpy-1.6.2\numpy\core\tests\test_regression.py,1,7,0,0,0,1,2,0,0,0,0,0,5,0,0,0,0,0
E:\Source code on python\Science & Engineering\numpy\numpy-1.6.2\numpy\core\tests\test_umath.py,0,1,0,0,0,2,0,0,0,0,0,0,0,0,0,0,0,0
E:\Source code on python\Science & Engineering\numpy\numpy-1.6.2\numpy\ma\tests\test_core.py,0,11,0,0,0,45,0,0,0,0,0,0,0,0,0,0,0,0
E:\Source code on python\Science & Engineering\numpy\numpy-1.6.2\numpy\core\tests\test_defchararray.py,0,0,0,0,0,0,51,0,0,0,0,0,0,0,0,0,0,0
E:\Source code on python\Science & Engineering\numpy\numpy-1.6.2\numpy\ma\bench.py,0,0,0,0,6,0,0,0,0,0,0,0,0,0,0,0,0,0
E:\Source code on python\Science & Engineering\numpy\numpy-1.6.2\numpy\core\machar.py,0,0,0,0,1,0,0,0,0,0,0,0,0,0,0,0,0,0
E:\Source code on python\Science & Engineering\numpy\numpy-1.6.2\setupegg.py,0,0,0,0,0,0,0,0,0,0,0,0,0,0,0,1,0,0
E:\Source code on python\Science & Engineering\numpy\numpy-1.6.2\numpy\oldnumeric\ma.py,0,6,0,0,0,32,1,0,0,0,0,0,14,2,0,0,0,0
E:\Source code on python\Science & Engineering\numpy\numpy-1.6.2\numpy\matrixlib\defmatrix.py,1,0,0,0,0,10,1,0,0,0,0,0,1,2,0,0,0,0
E:\Source code on python\Science & Engineering\numpy\numpy-1.6.2\numpy\core\_internal.py,0,0,0,0,0,3,0,0,0,0,0,0,0,1,0,0,0,0
E:\Source code on python\Science & Engineering\numpy\numpy-1.6.2\numpy\core\tests\test_scalarmath.py,0,0,0,0,0,0,0,0,0,0,0,0,0,1,0,0,0,0
E:\Source code on python\Science & Engineering\numpy\numpy-1.6.2\numpy\oldnumeric\matrix.py,0,0,0,0,0,0,0,0,0,0,0,0,0,1,0,0,0,0
E:\Source code on python\Science & Engineering\numpy\numpy-1.6.2\numpy\f2py\capi_maps.py,0,0,0,0,0,0,0,0,0,0,0,0,0,3,0,0,0,0
E:\Source code on python\Science & Engineering\numpy\numpy-1.6.2\numpy\f2py\crackfortran.py,0,0,0,0,0,1,0,0,0,0,0,0,1,8,0,0,0,0
E:\Source code on python\Science & Engineering\numpy\numpy-1.6.2\numpy\ma\timer_comparison.py,0,3,0,0,0,3,0,0,0,0,0,0,0,1,0,0,0,0
E:\Source code on python\Science & Engineering\numpy\numpy-1.6.2\numpy\_import_tools.py,0,10,0,0,0,1,0,0,0,0,0,0,2,5,0,0,0,0
E:\Source code on python\Science & Engineering\numpy\numpy-1.6.2\numpy\f2py\f2py_testing.py,0,0,0,0,0,0,0,0,0,0,0,0,0,1,0,0,0,0
E:\Source code on python\Science & Engineering\numpy\numpy-1.6.2\numpy\numarray\setupscons.py,0,0,0,0,0,0,0,0,0,0,0,0,0,0,0,0,0,0
E:\Source code on python\Science & Engineering\numpy\numpy-1.6.2\numpy\fft\__init__.py,0,0,0,0,0,0,0,0,0,0,0,0,0,0,0,0,0,0
E:\Source code on python\Science & Engineering\numpy\numpy-1.6.2\numpy\f2py\cfuncs.py,0,0,0,0,0,0,0,0,0,0,0,0,0,0,0,0,0,0
E:\Source code on python\Science & Engineering\numpy\numpy-1.6.2\numpy\oldnumeric\alter_code1.py,0,0,0,0,0,0,0,0,0,0,0,0,0,0,0,0,0,0
E:\Source code on python\Science & Engineering\numpy\numpy-1.6.2\numpy\matrixlib\__init__.py,0,0,0,0,0,0,0,0,0,0,0,0,0,0,0,0,0,0
E:\Source code on python\Science & Engineering\numpy\numpy-1.6.2\numpy\f2py\tests\test_mixed.py,0,0,0,0,0,0,0,0,0,0,0,0,0,0,0,0,0,0
E:\Source code on python\Science & Engineering\numpy\numpy-1.6.2\numpy\oldnumeric\setup.py,0,0,0,0,0,0,0,0,0,0,0,0,0,0,0,0,0,0
E:\Source code on python\Science & Engineering\numpy\numpy-1.6.2\numpy\f2py\setupscons.py,0,0,0,0,0,0,0,0,0,0,0,0,0,0,0,0,0,0
E:\Source code on python\Science & Engineering\numpy\numpy-1.6.2\numpy\f2py\tests\test_size.py,0,0,0,0,0,0,0,0,0,0,0,0,0,0,0,0,0,0
E:\Source code on python\Science & Engineering\numpy\numpy-1.6.2\numpy\oldnumeric\__init__.py,0,0,0,0,0,0,0,0,0,0,0,0,6,0,0,0,0,0
E:\Source code on python\Science & Engineering\numpy\numpy-1.6.2\numpy\oldnumeric\user_array.py,0,0,0,0,0,0,0,0,0,0,0,0,1,0,0,0,0,0
E:\Source code on python\Science & Engineering\numpy\numpy-1.6.2\numpy\distutils\command\build_clib.py,0,0,0,0,0,0,0,0,0,0,0,0,0,0,0,0,0,0
E:\Source code on python\Science & Engineering\numpy\numpy-1.6.2\numpy\oldnumeric\tests\test_oldnumeric.py,0,0,0,0,0,0,0,0,0,0,0,0,0,0,0,0,0,0
E:\Source code on python\Science & Engineering\numpy\numpy-1.6.2\numpy\f2py\docs\usersguide\setup_example.py,0,0,0,0,0,0,0,0,0,0,0,0,0,0,0,0,0,0
E:\Source code on python\Science & Engineering\numpy\numpy-1.6.2\numpy\f2py\cb_rules.py,0,0,0,0,0,0,0,0,0,0,0,0,0,0,0,0,0,0
E:\Source code on python\Science & Engineering\numpy\numpy-1.6.2\numpy\oldnumeric\typeconv.py,0,0,0,0,0,0,0,0,0,0,0,0,0,0,0,0,0,0
E:\Source code on python\Science & Engineering\numpy\numpy-1.6.2\numpy\distutils\fcompiler\vast.py,0,0,0,0,0,0,0,0,0,0,0,0,0,0,0,0,0,0
E:\Source code on python\Science & Engineering\numpy\numpy-1.6.2\numpy\distutils\tests\f2py_ext\tests\test_fib2.py,0,0,0,0,0,0,0,0,0,0,0,0,0,0,0,0,0,0
E:\Source code on python\Science & Engineering\numpy\numpy-1.6.2\numpy\ma\__init__.py,0,0,0,0,0,0,0,0,0,0,0,0,0,0,0,0,0,0
E:\Source code on python\Science & Engineering\numpy\numpy-1.6.2\numpy\numarray\util.py,0,0,0,0,0,0,0,0,0,0,0,0,0,0,0,0,0,0
E:\Source code on python\Science & Engineering\numpy\numpy-1.6.2\doc\sphinxext\phantom_import.py,0,0,0,0,0,0,0,0,0,0,3,0,0,0,0,0,0,0
E:\Source code on python\Science & Engineering\numpy\numpy-1.6.2\numpy\compat\_inspect.py,0,0,0,0,0,3,0,0,0,0,0,0,0,0,0,0,0,0
E:\Source code on python\Science & Engineering\numpy\numpy-1.6.2\numpy\oldnumeric\arrayfns.py,0,0,0,0,0,1,0,0,0,0,0,0,0,0,0,0,0,0
E:\Source code on python\Science & Engineering\numpy\numpy-1.6.2\numpy\f2py\f2py2e.py,0,0,0,0,0,0,0,0,0,0,0,0,0,0,0,0,0,2
E:\Source code on python\Science & Engineering\numpy\numpy-1.6.2\numpy\core\code_generators\generate_umath.py,0,0,0,0,0,3,0,0,0,0,0,0,1,0,0,0,0,0
E:\Source code on python\Science & Engineering\numpy\numpy-1.6.2\numpy\distutils\fcompiler\hpux.py,0,0,0,0,0,0,0,0,0,0,0,0,0,0,0,0,0,0
E:\Source code on python\Science & Engineering\numpy\numpy-1.6.2\numpy\distutils\command\sdist.py,0,0,0,0,0,1,0,0,0,0,0,0,0,0,0,0,0,0
E:\Source code on python\Science & Engineering\numpy\numpy-1.6.2\numpy\lib\index_tricks.py,0,0,0,0,0,11,1,0,0,0,0,0,1,0,0,0,0,0
E:\Source code on python\Science & Engineering\numpy\numpy-1.6.2\numpy\distutils\command\install_headers.py,0,0,0,0,0,1,0,0,0,0,0,0,0,0,0,0,0,0
E:\Source code on python\Science & Engineering\numpy\numpy-1.6.2\doc\swig\test\testTensor.py,0,0,0,0,0,1,0,0,0,0,0,0,0,0,0,0,0,0
E:\Source code on python\Science & Engineering\numpy\numpy-1.6.2\numpy\numarray\convolve.py,0,0,0,0,0,0,0,0,0,0,0,0,0,0,0,0,0,0
E:\Source code on python\Science & Engineering\numpy\numpy-1.6.2\numpy\numarray\image.py,0,0,0,0,0,0,0,0,0,0,0,0,0,0,0,0,0,0
E:\Source code on python\Science & Engineering\numpy\numpy-1.6.2\numpy\polynomial\tests\test_laguerre.py,0,0,0,0,0,0,0,0,0,0,0,0,0,0,0,0,0,0
E:\Source code on python\Science & Engineering\numpy\numpy-1.6.2\numpy\testing\setupscons.py,0,0,0,0,0,0,0,0,0,0,0,0,0,0,0,0,0,0
E:\Source code on python\Science & Engineering\numpy\numpy-1.6.2\numpy\random\__init__.py,0,0,0,0,0,0,0,0,0,0,0,0,0,0,0,0,0,0
E:\Source code on python\Science & Engineering\numpy\numpy-1.6.2\numpy\polynomial\tests\test_polynomial.py,0,0,0,0,0,0,0,0,0,0,0,0,0,0,0,0,0,0
E:\Source code on python\Science & Engineering\numpy\numpy-1.6.2\numpy\numarray\alter_code2.py,0,0,0,0,0,0,0,0,0,0,0,0,0,0,0,0,0,0
E:\Source code on python\Science & Engineering\numpy\numpy-1.6.2\numpy\matrixlib\tests\test_numeric.py,0,0,0,0,0,0,0,0,0,0,0,0,0,0,0,0,0,0
E:\Source code on python\Science & Engineering\numpy\numpy-1.6.2\numpy\polynomial\__init__.py,0,0,0,0,0,0,0,0,0,0,0,0,0,0,0,0,0,0
E:\Source code on python\Science & Engineering\numpy\numpy-1.6.2\numpy\random\info.py,0,0,0,0,0,0,0,0,0,0,0,0,0,0,0,0,0,0
E:\Source code on python\Science & Engineering\numpy\numpy-1.6.2\tools\py3tool.py,0,0,0,0,0,0,0,0,0,0,0,0,0,0,0,0,0,0
E:\Source code on python\Science & Engineering\numpy\numpy-1.6.2\numpy\distutils\fcompiler\intel.py,0,0,0,0,0,0,0,0,0,0,0,0,0,0,0,0,0,0
E:\Source code on python\Science & Engineering\numpy\numpy-1.6.2\numpy\distutils\tests\swig_ext\tests\test_example2.py,0,0,0,0,0,0,0,0,0,0,0,0,0,0,0,0,0,0
E:\Source code on python\Science & Engineering\numpy\numpy-1.6.2\numpy\distutils\tests\f2py_f90_ext\setup.py,0,0,0,0,0,0,0,0,0,0,0,0,0,0,0,0,0,0
E:\Source code on python\Science & Engineering\numpy\numpy-1.6.2\numpy\f2py\info.py,0,0,0,0,0,0,0,0,0,0,0,0,0,0,0,0,0,0
E:\Source code on python\Science & Engineering\numpy\numpy-1.6.2\numpy\doc\structured_arrays.py,0,0,0,0,0,0,0,0,0,0,0,0,0,0,0,0,0,0
E:\Source code on python\Science & Engineering\numpy\numpy-1.6.2\numpy\doc\performance.py,0,0,0,0,0,0,0,0,0,0,0,0,0,0,0,0,0,0
E:\Source code on python\Science & Engineering\numpy\numpy-1.6.2\numpy\distutils\command\build_py.py,0,0,0,0,0,0,0,0,0,0,0,0,0,0,0,0,0,0
E:\Source code on python\Science & Engineering\numpy\numpy-1.6.2\numpy\distutils\command\install.py,0,0,0,0,0,0,0,0,0,0,0,0,0,0,0,0,0,0
E:\Source code on python\Science & Engineering\numpy\numpy-1.6.2\numpy\distutils\command\autodist.py,0,0,0,0,0,0,0,0,0,0,0,0,0,0,0,0,0,0
E:\Source code on python\Science & Engineering\numpy\numpy-1.6.2\numpy\distutils\fcompiler\pathf95.py,0,0,0,0,0,0,0,0,0,0,0,0,0,0,0,0,0,0
E:\Source code on python\Science & Engineering\numpy\numpy-1.6.2\numpy\distutils\command\build.py,0,0,0,0,0,0,0,0,0,0,0,0,0,0,0,0,0,0
E:\Source code on python\Science & Engineering\numpy\numpy-1.6.2\numpy\distutils\fcompiler\none.py,0,0,0,0,0,0,0,0,0,0,0,0,0,0,0,0,0,0
E:\Source code on python\Science & Engineering\numpy\numpy-1.6.2\numpy\distutils\conv_template.py,0,0,0,0,0,0,0,0,0,0,0,0,0,0,0,0,0,0
E:\Source code on python\Science & Engineering\numpy\numpy-1.6.2\numpy\distutils\lib2def.py,0,0,0,0,0,0,0,0,0,0,0,0,0,0,0,0,0,0
E:\Source code on python\Science & Engineering\numpy\numpy-1.6.2\numpy\oldnumeric\compat.py,0,0,0,0,0,0,0,0,0,0,0,0,0,0,0,0,0,0
E:\Source code on python\Science & Engineering\numpy\numpy-1.6.2\numpy\f2py\tests\test_assumed_shape.py,0,0,0,0,0,0,0,0,0,0,0,0,0,0,0,0,0,0
E:\Source code on python\Science & Engineering\numpy\numpy-1.6.2\numpy\matrixlib\setup.py,0,0,0,0,0,0,0,0,0,0,0,0,0,0,0,0,0,0
E:\Source code on python\Science & Engineering\numpy\numpy-1.6.2\numpy\testing\tests\test_decorators.py,0,0,0,0,0,0,0,0,0,0,0,0,0,0,0,0,0,0
E:\Source code on python\Science & Engineering\numpy\numpy-1.6.2\numpy\ma\version.py,0,0,0,0,0,0,0,0,0,0,0,0,0,0,0,0,0,0
E:\Source code on python\Science & Engineering\numpy\numpy-1.6.2\numpy\distutils\command\install_clib.py,0,0,0,0,0,0,0,0,0,0,0,0,0,0,0,0,0,0
E:\Source code on python\Science & Engineering\numpy\numpy-1.6.2\numpy\core\tests\test_machar.py,0,0,0,0,0,0,0,0,0,0,0,0,0,0,0,0,0,0
E:\Source code on python\Science & Engineering\numpy\numpy-1.6.2\numpy\core\tests\test_getlimits.py,0,0,0,0,0,0,0,0,0,0,0,0,0,0,0,0,0,0
E:\Source code on python\Science & Engineering\numpy\numpy-1.6.2\setup.py,0,0,0,0,0,0,0,0,0,0,0,0,1,0,0,0,0,0
E:\Source code on python\Science & Engineering\numpy\numpy-1.6.2\numpy\core\tests\test_shape_base.py,0,0,0,0,0,0,0,0,0,0,0,0,0,0,0,0,0,0
E:\Source code on python\Science & Engineering\numpy\numpy-1.6.2\numpy\core\tests\test_errstate.py,0,0,0,0,0,0,0,0,0,0,0,0,0,0,0,0,0,0
E:\Source code on python\Science & Engineering\numpy\numpy-1.6.2\numpy\distutils\command\build_ext.py,0,0,0,0,0,0,0,0,0,0,0,0,0,0,0,0,0,0
E:\Source code on python\Science & Engineering\numpy\numpy-1.6.2\numpy\doc\ufuncs.py,0,0,0,0,0,0,0,0,0,0,0,0,0,0,0,0,0,0
E:\Source code on python\Science & Engineering\numpy\numpy-1.6.2\numpy\doc\creation.py,0,0,0,0,0,0,0,0,0,0,0,0,0,0,0,0,0,0
E:\Source code on python\Science & Engineering\numpy\numpy-1.6.2\numpy\core\tests\test_arrayprint.py,0,0,0,0,0,0,0,0,0,0,0,0,0,0,0,0,0,0
E:\Source code on python\Science & Engineering\numpy\numpy-1.6.2\numpy\core\tests\test_datetime.py,0,0,0,0,0,0,0,0,0,0,0,0,0,0,0,0,0,0
E:\Source code on python\Science & Engineering\numpy\numpy-1.6.2\numpy\core\tests\test_print.py,0,0,0,0,0,0,0,0,0,0,0,0,0,0,0,0,0,0
E:\Source code on python\Science & Engineering\numpy\numpy-1.6.2\numpy\distutils\fcompiler\ibm.py,0,0,0,0,0,0,0,0,0,0,0,0,0,0,0,0,0,0
E:\Source code on python\Science & Engineering\numpy\numpy-1.6.2\numpy\core\tests\test_einsum.py,0,0,0,0,0,0,0,0,0,0,0,0,0,0,0,0,0,0
E:\Source code on python\Science & Engineering\numpy\numpy-1.6.2\numpy\numarray\matrix.py,0,0,0,0,0,0,0,0,0,0,0,0,0,0,0,0,0,0
E:\Source code on python\Science & Engineering\numpy\numpy-1.6.2\numpy\distutils\tests\pyrex_ext\tests\test_primes.py,0,0,0,0,0,0,0,0,0,0,0,0,0,0,0,0,0,0
E:\Source code on python\Science & Engineering\numpy\numpy-1.6.2\numpy\testing\nulltester.py,0,0,0,0,0,0,0,0,0,0,0,0,0,0,0,0,0,0
E:\Source code on python\Science & Engineering\numpy\numpy-1.6.2\numpy\oldnumeric\linear_algebra.py,0,0,0,0,0,0,0,0,0,0,0,0,0,0,0,0,0,0
E:\Source code on python\Science & Engineering\numpy\numpy-1.6.2\numpy\oldnumeric\fix_default_axis.py,0,0,0,0,0,0,0,0,0,0,0,0,0,0,0,0,0,0
E:\Source code on python\Science & Engineering\numpy\numpy-1.6.2\numpy\lib\user_array.py,0,0,0,0,0,0,0,0,0,0,0,0,0,0,0,0,0,0
E:\Source code on python\Science & Engineering\numpy\numpy-1.6.2\numpy\distutils\tests\swig_ext\tests\test_example.py,0,0,0,0,0,0,0,0,0,0,0,0,0,0,0,0,0,0
E:\Source code on python\Science & Engineering\numpy\numpy-1.6.2\numpy\distutils\tests\setup.py,0,0,0,0,0,0,0,0,0,0,0,0,0,0,0,0,0,0
E:\Source code on python\Science & Engineering\numpy\numpy-1.6.2\numpy\core\function_base.py,0,0,0,0,0,0,0,0,0,0,0,0,0,0,0,0,0,0
E:\Source code on python\Science & Engineering\numpy\numpy-1.6.2\numpy\core\__init__.py,0,0,0,0,0,0,0,0,0,0,0,0,1,0,0,0,0,0
E:\Source code on python\Science & Engineering\numpy\numpy-1.6.2\numpy\compat\setup.py,0,0,0,0,0,0,0,0,0,0,0,0,0,0,0,0,0,0
E:\Source code on python\Science & Engineering\numpy\numpy-1.6.2\numpy\core\tests\test_api.py,0,0,0,0,0,0,0,0,0,0,0,0,0,0,0,0,0,0
E:\Source code on python\Science & Engineering\numpy\numpy-1.6.2\numpy\distutils\tests\pyrex_ext\setup.py,0,0,0,0,0,0,0,0,0,0,0,0,0,0,0,0,0,0
E:\Source code on python\Science & Engineering\numpy\numpy-1.6.2\numpy\lib\tests\test_financial.py,0,0,0,0,0,0,0,0,0,0,0,0,0,0,0,0,0,0
E:\Source code on python\Science & Engineering\numpy\numpy-1.6.2\numpy\numarray\fft.py,0,0,0,0,0,0,0,0,0,0,0,0,1,0,0,0,0,0
E:\Source code on python\Science & Engineering\numpy\numpy-1.6.2\numpy\distutils\tests\pyrex_ext\__init__.py,0,0,0,0,0,0,0,0,0,0,0,0,0,0,0,0,0,0
E:\Source code on python\Science & Engineering\numpy\numpy-1.6.2\numpy\core\tests\test_blasdot.py,0,0,0,0,0,0,0,0,0,0,0,0,0,0,0,0,0,0
E:\Source code on python\Science & Engineering\numpy\numpy-1.6.2\numpy\core\scons_support.py,0,0,0,0,0,0,0,0,0,0,0,0,0,0,0,0,0,0
E:\Source code on python\Science & Engineering\numpy\numpy-1.6.2\numpy\core\tests\test_umath_complex.py,0,0,0,0,0,0,0,0,0,0,0,0,0,0,0,0,0,0
E:\Source code on python\Science & Engineering\numpy\numpy-1.6.2\numpy\distutils\command\build_scripts.py,0,0,0,0,0,0,0,0,0,0,0,0,0,0,0,0,0,0
E:\Source code on python\Science & Engineering\numpy\numpy-1.6.2\numpy\core\code_generators\numpy_api.py,0,0,0,0,0,0,0,0,0,0,0,0,0,0,0,0,0,0
E:\Source code on python\Science & Engineering\numpy\numpy-1.6.2\numpy\core\tests\test_function_base.py,0,0,0,0,0,0,0,0,0,0,0,0,0,0,0,0,0,0
E:\Source code on python\Science & Engineering\numpy\numpy-1.6.2\doc\swig\test\setup.py,0,0,0,0,0,0,0,0,0,0,0,0,0,0,0,0,0,0
E:\Source code on python\Science & Engineering\numpy\numpy-1.6.2\numpy\doc\subclassing.py,0,0,0,0,0,0,0,0,0,0,0,0,0,0,0,0,0,0
E:\Source code on python\Science & Engineering\numpy\numpy-1.6.2\numpy\add_newdocs.py,0,0,0,0,0,0,0,0,0,0,0,0,0,0,0,0,0,0
E:\Source code on python\Science & Engineering\numpy\numpy-1.6.2\doc\swig\test\testMatrix.py,0,0,0,0,0,0,0,0,0,0,0,0,0,0,0,0,0,0
E:\Source code on python\Science & Engineering\numpy\numpy-1.6.2\doc\swig\test\testFortran.py,0,0,0,0,0,0,0,0,0,0,0,0,0,0,0,0,0,0
E:\Source code on python\Science & Engineering\numpy\numpy-1.6.2\numpy\core\code_generators\ufunc_docstrings.py,0,0,0,0,0,0,0,0,0,0,0,0,0,0,0,0,0,0
E:\Source code on python\Science & Engineering\numpy\numpy-1.6.2\numpy\core\code_generators\genapi2.py,0,0,0,0,0,0,0,0,0,0,0,0,0,0,0,0,0,0
E:\Source code on python\Science & Engineering\numpy\numpy-1.6.2\numpy\core\code_generators\__init__.py,0,0,0,0,0,0,0,0,0,0,0,0,0,0,0,0,0,0
E:\Source code on python\Science & Engineering\numpy\numpy-1.6.2\numpy\__init__.py,0,0,0,0,0,0,0,0,0,0,0,0,1,0,0,0,0,0
E:\Source code on python\Science & Engineering\numpy\numpy-1.6.2\numpy\core\_mx_datetime_parser.py,0,0,0,0,0,0,0,0,0,0,0,0,0,0,0,0,0,0
E:\Source code on python\Science & Engineering\numpy\numpy-1.6.2\numpy\lib\tests\test_utils.py,0,0,0,0,0,0,0,0,0,0,0,0,0,0,0,0,0,0
E:\Source code on python\Science & Engineering\numpy\numpy-1.6.2\numpy\f2py\use_rules.py,0,0,0,0,0,0,0,0,0,0,0,0,0,0,0,0,0,0
E:\Source code on python\Science & Engineering\numpy\numpy-1.6.2\doc\sphinxext\tests\test_docscrape.py,0,0,0,0,0,0,0,0,0,0,0,0,0,0,0,0,0,0
E:\Source code on python\Science & Engineering\numpy\numpy-1.6.2\numpy\core\code_generators\genapi.py,0,0,0,0,0,0,0,0,0,0,0,0,1,0,0,0,0,0
E:\Source code on python\Science & Engineering\numpy\numpy-1.6.2\numpy\compat\__init__.py,0,0,0,0,0,0,0,0,0,0,0,0,0,0,0,0,0,0
E:\Source code on python\Science & Engineering\numpy\numpy-1.6.2\numpy\core\info.py,0,0,0,0,0,0,0,0,0,0,0,0,0,0,0,0,0,0
E:\Source code on python\Science & Engineering\numpy\numpy-1.6.2\numpy\core\setupscons.py,0,0,0,0,0,0,0,0,0,0,0,0,0,0,0,0,0,0
E:\Source code on python\Science & Engineering\numpy\numpy-1.6.2\numpy\distutils\command\bdist_rpm.py,0,0,0,0,0,0,0,0,0,0,0,0,0,0,0,0,0,0
E:\Source code on python\Science & Engineering\numpy\numpy-1.6.2\numpy\core\tests\test_numeric.py,0,0,0,0,0,0,0,0,0,0,0,0,0,0,0,0,0,0
E:\Source code on python\Science & Engineering\numpy\numpy-1.6.2\numpy\oldnumeric\rng_stats.py,0,0,0,0,0,0,0,0,0,0,0,0,0,0,0,0,0,0
E:\Source code on python\Science & Engineering\numpy\numpy-1.6.2\doc\sphinxext\setup.py,0,0,0,0,0,0,0,0,0,0,0,0,0,0,0,0,0,0
E:\Source code on python\Science & Engineering\numpy\numpy-1.6.2\numpy\compat\setupscons.py,0,0,0,0,0,0,0,0,0,0,0,0,0,0,0,0,0,0
E:\Source code on python\Science & Engineering\numpy\numpy-1.6.2\doc\cython\run_test.py,0,0,0,0,0,0,0,0,0,0,0,0,0,0,0,0,0,0
E:\Source code on python\Science & Engineering\numpy\numpy-1.6.2\doc\pyrex\setup.py,0,0,0,0,0,0,0,0,0,0,0,0,0,0,0,0,0,0
E:\Source code on python\Science & Engineering\numpy\numpy-1.6.2\doc\sphinxext\__init__.py,0,0,0,0,0,0,0,0,0,0,0,0,0,0,0,0,0,0
E:\Source code on python\Science & Engineering\numpy\numpy-1.6.2\doc\source\conf.py,0,0,0,0,0,0,0,0,0,0,0,0,0,0,0,0,0,0
E:\Source code on python\Science & Engineering\numpy\numpy-1.6.2\doc\postprocess.py,0,0,0,0,0,0,0,0,0,0,0,0,0,0,0,0,0,0
E:\Source code on python\Science & Engineering\numpy\numpy-1.6.2\doc\pyrex\run_test.py,0,0,0,0,0,0,0,0,0,0,0,0,0,0,0,0,0,0
E:\Source code on python\Science & Engineering\numpy\numpy-1.6.2\doc\cython\setup.py,0,0,0,0,0,0,0,0,0,0,0,0,0,0,0,0,0,0
E:\Source code on python\Science & Engineering\numpy\numpy-1.6.2\benchmarks\simpleindex.py,0,0,0,0,0,0,0,0,0,0,0,0,0,0,0,0,0,0
E:\Source code on python\Science & Engineering\numpy\numpy-1.6.2\benchmarks\sorting.py,0,0,0,0,0,0,0,0,0,0,0,0,0,0,0,0,0,0
E:\Source code on python\Science & Engineering\numpy\numpy-1.6.2\benchmarks\benchmark.py,0,0,0,0,0,0,0,0,0,0,0,0,0,0,0,0,0,0
E:\Source code on python\Science & Engineering\numpy\numpy-1.6.2\benchmarks\creating.py,0,0,0,0,0,0,0,0,0,0,0,0,0,0,0,0,0,0
E:\Source code on python\Science & Engineering\numpy\numpy-1.6.2\numpy\f2py\f90mod_rules.py,0,0,0,0,0,0,0,0,0,0,0,0,0,1,0,0,0,0
E:\Source code on python\Science & Engineering\numpy\numpy-1.6.2\doc\sphinxext\docscrape_sphinx.py,3,1,1,0,0,1,0,0,0,0,0,0,0,0,0,0,0,0
E:\Source code on python\Science & Engineering\numpy\numpy-1.6.2\numpy\ma\extras.py,2,4,0,0,0,10,0,0,0,0,0,0,6,2,0,0,0,0
E:\Source code on python\Science & Engineering\numpy\numpy-1.6.2\benchmarks\casting.py,0,0,0,0,0,0,0,0,0,0,0,0,0,0,0,0,0,0
E:\Source code on python\Science & Engineering\numpy\numpy-1.6.2\numpy\distutils\cpuinfo.py,1,1,0,0,0,0,0,0,0,0,0,0,0,0,0,0,0,0
E:\Source code on python\Science & Engineering\numpy\numpy-1.6.2\numpy\f2py\tests\test_return_complex.py,0,2,0,0,0,0,0,0,0,0,0,0,0,0,0,0,0,0
E:\Source code on python\Science & Engineering\numpy\numpy-1.6.2\numpy\lib\shape_base.py,2,2,0,0,0,0,0,0,0,0,0,0,0,0,0,0,0,0
E:\Source code on python\Science & Engineering\numpy\numpy-1.6.2\numpy\f2py\tests\test_callback.py,0,1,0,0,0,0,0,0,0,0,0,0,0,0,0,0,0,0
E:\Source code on python\Science & Engineering\numpy\numpy-1.6.2\numpy\distutils\interactive.py,1,2,0,0,0,0,0,0,0,0,0,0,0,0,0,0,0,0
E:\Source code on python\Science & Engineering\numpy\numpy-1.6.2\doc\sphinxext\comment_eater.py,0,1,0,0,0,1,0,0,0,0,0,0,0,0,0,0,0,0
E:\Source code on python\Science & Engineering\numpy\numpy-1.6.2\numpy\core\getlimits.py,0,2,0,0,0,0,2,0,0,0,2,0,0,0,0,0,0,0
E:\Source code on python\Science & Engineering\numpy\numpy-1.6.2\numpy\f2py\tests\test_return_logical.py,0,2,0,0,0,0,0,0,0,0,0,0,0,0,0,0,0,0
E:\Source code on python\Science & Engineering\numpy\numpy-1.6.2\numpy\testing\nosetester.py,0,1,0,0,0,2,0,0,0,0,0,0,0,0,0,0,0,0
E:\Source code on python\Science & Engineering\numpy\numpy-1.6.2\numpy\lib\arrayterator.py,0,1,0,0,0,2,0,0,0,0,0,0,0,0,0,0,0,0
E:\Source code on python\Science & Engineering\numpy\numpy-1.6.2\numpy\ma\tests\test_mrecords.py,0,7,0,0,0,8,0,0,0,0,0,0,0,0,0,0,0,0
E:\Source code on python\Science & Engineering\numpy\numpy-1.6.2\numpy\core\fromnumeric.py,0,1,0,0,0,3,0,0,0,0,0,0,0,0,0,0,0,0
E:\Source code on python\Science & Engineering\numpy\numpy-1.6.2\numpy\f2py\tests\test_return_real.py,0,3,0,0,0,0,0,0,0,0,0,0,0,0,0,0,0,0
E:\Source code on python\Science & Engineering\numpy\numpy-1.6.2\numpy\core\tests\test_multiarray.py,0,1,0,0,1,4,0,0,0,0,0,0,0,0,0,0,0,0
E:\Source code on python\Science & Engineering\numpy\numpy-1.6.2\numpy\ma\mrecords.py,2,7,0,0,0,6,2,0,0,0,0,0,0,0,0,0,0,0
E:\Source code on python\Science & Engineering\numpy\numpy-1.6.2\numpy\numarray\session.py,0,2,0,0,0,4,0,0,0,0,0,0,0,0,0,0,0,0
E:\Source code on python\Science & Engineering\numpy\numpy-1.6.2\numpy\oldnumeric\rng.py,0,2,0,0,0,1,0,0,0,0,0,0,0,0,0,0,0,0
E:\Source code on python\Science & Engineering\numpy\numpy-1.6.2\numpy\ma\tests\test_subclassing.py,1,1,0,0,0,24,0,0,0,0,0,0,0,0,0,0,0,0
E:\Source code on python\Science & Engineering\numpy\numpy-1.6.2\numpy\linalg\linalg.py,0,1,0,0,0,0,2,0,0,0,0,0,0,0,0,0,0,0
E:\Source code on python\Science & Engineering\numpy\numpy-1.6.2\numpy\distutils\command\build_src.py,4,4,0,0,0,4,0,0,0,0,1,0,0,0,0,0,0,0
E:\Source code on python\Science & Engineering\numpy\numpy-1.6.2\setupscons.py,0,0,0,0,0,0,0,0,0,0,0,0,1,0,0,0,1,0
